Company,Website
"1-800 CONTACTS, Inc.",1800contacts.com
1-800-Flowers.com,1800flowers.com
1000Mercis,1000mercis.com
1105 Media Inc,1105media.com
1199SEIU United Healthcare Workers East,1199seiu.org
1901 Group,1901group.com
1stdibs.com,1stdibs.com
21st Century Fox,21cf.com
21st Century Insurance,21st.com
22squared,22squared.com
23andMe,23andme.com
24 Hour Fitness,24hourfitness.com
"24/7 Customer, Inc.",247-inc.com
2K studios & partners,2k.com
2U Inc,2u.com
360IT Partners,360itpartners.com
"360training.com, Inc.",360training.com
3Ci People,cccitpeople.com
3CX,3cx.com
3form.com,3form.com
3i Group plc,3i.com
3i People Inc,3ipeople.com
3M,3m.com
3Pillar Global,3pillarglobal.com
4moms,4moms.com
5280 Solutions LLC,5280solutions.com
5LINX Enterprises Inc,5linx.com
7-Eleven Inc,7eleven.com
72andSunny,72andsunny.com
8D Technologies Inc.,8d.com
92nd Street Y,92y.org
@properties,atproperties.com
[x]cube LABS,xcubelabs.com
A G Equipment Company,agequipmentcompany.com
A Penguin Random House Company,penguinrandomhouse.com
A Wireless,awireless.net
A&E Television,aenetworks.com
A. O. Smith Corporation,aosmith.com
a.s.r.,asr.nl
A1 Solar Power Inc,a1solarpower.net
A1 Technology Inc,a1technology.com
A9.COM Inc,a9.com
AAA Cooper Transportation,aaacooper.com
Aalborg Municipality,aalborg.dk
Aamra Companies,aamra.com.bd
AAR Corporation,aarcorp.com
Aarki,aarki.com
AARP,aarp.org
Aaski Technology,aaski.com
Abacus Technology Corporation,abacustech.com
Abbott,abbott.com
AbbVie Inc,abbvie.com
Abbyy USA Software House Inc,abbyy.com
ABC Financial Services,abcfinancial.com
Abc Home Furnishings Inc,abchome.com
ABC Legal Services Inc,abclegal.com
ABC Supply Co. Inc,abcsupply.com
ABC Television Network,abc.com
AbelsonTaylor,abelsontaylor.com
Abengoa,abengoa.com
Abercrombie & Fitch Co.,abercrombie.com
Aberdeen City Council,aberdeencity.gov.uk
Able Services,ableserve.com
ABM Industries,abm.com
ABN AMRO Bank N.V.,abnamro.nl
Absa Bank Limited,absa.co.za
Abtinfo.Net,abtinfo.net
Abu Dhabi Airports Company,adac.ae
Abu Dhabi Islamic Bank,adib.ae
Acacia Network,acacianetwork.org
Academia Sinica,sinica.edu.tw
Academic Partnerships,academicpartnerships.com
Academy of Art University,academyart.edu
Academy Sports and Outdoors,academy.com
Acadia Healthcare,acadiahealthcare.com
"Acadia Pharmaceuticals, Inc.",acadia-pharm.com
Acadian Ambulance Service Inc,acadian.com
Acadian Asset Management,acadianasset.com
Accedo,accedo.tv
Accel Frontline,accelfrontline.com
Accelera Solutions,accelerasolutions.com
Accengage,accengage.com
AccentCare,accentcare.com
Access Media 3 Inc,am3inc.com
Access: Supports for Living,accesssupports.org
Acco Brands,accobrands.com
Accor Hotels,accorhotels-group.com
Accriva Diagnostics,itcmed.com
Accruent LLC,accruent.com
AccuQuest Hearing Centers,accuquest.com
AccuWeather Inc,accuweather.com
Ace Info Solutions Inc,aceinfosolutions.com
Ace Infoway,aceinfoway.com
Ace Metrix,acemetrix.com
Acelity,acelity.com
ACENSI,acensi.fr
Aces Direct,acesdirect.nl
ACI Worldwide Inc,aciworldwide.com
Acklands-Grainger,acklandsgrainger.com
Acme Brick Company,brick.com
ACN Inc,acninc.com
Acorda Therapeutics Inc,acorda.com
Acorns,acorns.com
Acotel Interactive,acotelinteractive.com
Acres Group,acresgroup.com
Acrodex,acrodex.com
ACT,act.org
Act Beyond,beyond.org
Actifio Inc,actifio.com
ActioNet Inc,actionet.com
Active Interest Media,aimmedia.com
Active Network LLC,activenetwork.com
ActiveCampaign,activecampaign.com
ActiveHealth Management,activehealth.com
Activehours,activehours.com
Activision Blizzard Inc,activisionblizzard.com
Actuant Corporation,actuant.com
ACUITY,acuity.com
Acuity Brands Inc,acuitybrands.com
Acumen Solutions Inc,acumensolutions.com
Acushnet Company,acushnetgolf.com
Acxiom,acxiom.com
Adams Bank & Trust,abtbank.com
Adams Communications & Engineering Technology Inc,adamscomm.com
Adams County Government,adcogov.org
Adaptive Insights,adaptiveinsights.com
Adaptive Solutions Group,adaptivesg.com
Adara Communities,adaracommunities.com
Adcc Infocad Private Limited,adccinfocad.com
AdColony,adcolony.com
Adidas,adidas-group.com
Aditya Birla Group,adityabirla.com
Adknowledge Inc,adknowledge.com
Adobe Systems,adobe.com
AdPeople Worldwide,adpeople.com
ADS Security,adssecurity.com
ADT Security Services,adt.com
Adtran Inc,adtran.com
Advance America,advanceamerica.net
Advance Auto Parts Inc,advanceautoparts.com
Advanced,oneadvanced.com
Advanced Disposal Services Inc,advanceddisposal.com
Advanced Home Care,advhomecare.org
Advanced Info Service,ais.co.th
Advanced Medical Optics,abbottmedicaloptics.com
Advanced Micro Devices Inc,amd.com
Advanced Personnel Management,apm.net.au
Advanced Solutions International Inc,advsol.com
Advanced Systems Development Inc,asd-inc.com
Advanced Technology Services,advancedtech.com
Advanced Testing Laboratory,advancedtesting.net
"AdvancedMD, Inc",advancedmd.com
Advantage Business Media,advantagemedia.com
Advantage Solutions,advantagesolutions.net
"Advantech Co., Ltd.",advantech.com
Advent Global Solutions Inc,adventglobal.com
Adventist Health System,adventisthealthsystem.com
Advocate Health Care,advocatehealth.com
AdzZoo,adzzoo.com
Aecom,aecom.com
AEgis Technologies,aegistg.com
AEP Industries Inc,aepinc.com
Aerohive,aerohive.com
Aeroports de Paris,aeroportsdeparis.fr
Aeropostale Inc,aeropostale.com
AeroTech Engineering Inc,aerotecheng.org
AeroVironment Inc,avinc.com
Aetna Inc,aetna.com
AF Consult,afconsult.com
Affiliates Management Company,affiliatesmgt.com
Affinion Group,affiniongroup.com
AffiniPay,affinipay.com
Affinity Plus,affinityplus.org
AFLAC,aflac.com
"AFS Acceptance, LLC.",afsacceptance.com
AG2R La Mondiale,ag2rlamondiale.fr
AgaMatrix,agamatrix.com
AGCO Corporation,agcocorp.com
Age of Learning Inc,ageoflearning.com
Agence Consultoria,agence.com.br
Agero Inc,agero.com
AGF Management Limited,agf.com
Aggreko,aggreko.com
Agilent Technologies Inc,agilent.com
"AgilePoint, Inc.",agilepoint.com
Agilicio,agilicio.com
Agiliq,agiliq.com
Agility,agility.com
Agility Fuel Systems,agilityfs.com
Agilysys Inc,agilysys.com
AGL Resources Inc,aglresources.com
Agoda Services Co Ltd,agoda.com
Agora Sales Inc,theagora.com
AgreeYa Solutions Inc,agreeya.com
Agropur Cooperative,agropur.com
AHR,ahrglobal.com
AIC Inc.,aicipc.com
Aida Cruises,aida.de
AIMIA,aimia.com
Air Canada,aircanada.com
Air Charter Service,aircharterservice.com
Air Force Research Laboratory,teamafrl.com
Air France-KLM,airfranceklm.com
Air India Ltd.,airindia.in
Air Liquide,airliquide.com
Air New Zealand,airnewzealand.co.nz
Air Products and Chemicals Inc,airproducts.com
Air Techniques Inc,airtechniques.com
Air Transport Services Group Inc,atsginc.com
AIR Worldwide,air-worldwide.com
Airbiquity,airbiquity.com
"Airbnb, Inc",airbnb.com
Airbus,airbus.com
Airbus Ds Communications,airbus-dscomm.com
Aircel Ltd,aircel.com
airG,airg.com
Airgas Inc,airgas.com
Airtime,airtime.com
Aisle Rocket Studios,aislerocket.com
AJC International,ajcfood.com
Akamai Technologies,akamai.com
Akbank,akbank.com
Aker Solutions,akersolutions.com
Akerman LLP,akerman.com
Akima Infrastructure Services LLC,akimainfrasvcs.com
Akima LLC,akima.com
Akimeka LLC,akimeka.com
AKQA,akqa.com
AKTA,akta.com
AkzoNobel,akzonobel.com
Al Jazeera Media Network,aljazeera.com
Al Rajhi Bank,alrajhibank.com.sa
Al's Formal Wear,alsformalwear.com
Al-Futtaim,alfuttaim.com
Alacare Home Health and Hospice,alacare.com
Alamo Colleges,alamo.edu
Alarm.com,alarm.com
Alaska Airlines,alaskaair.com
Alaska Communications,alaskacommunications.com
Alaska USA,alaskausa.org
Albany Medical Center,amc.edu
Albaraka Turk Katilim Bankasi A.S,albaraka.com.tr
Albea Group,albea-group.com
Albemarle Corporation,albemarle.com
Albert Einstein College of Medicine,einstein.yu.edu
Albert Heijn,werk.ah.nl
Alberta Health Services,albertahealthservices.ca
Alcoa,alcoa.com
Alcon LenSx Inc,lensxlasers.com
Alere Inc,alere.com
Aleris Inc.,aleris.com
ALEX AND ANI,alexandani.com
Alexion Pharmaceuticals Inc,alexionpharm.com
Alfa-Bank,alfabank.ru
Algar Tech,algartech.com
Alghanim Industries,alghanim.com
Algiers Charter School Association,algierscharterschools.org
Algonquin College,algonquincollege.com
Alibaba Group Holding,alibabagroup.com
Alice and Olivia,aliceandolivia.com
Alief Independent School District,aliefisd.net
Align Technology,aligntech.com
"Alinean, Inc.",alinean.com
Alion Science And Technology,alionscience.com
Alipay,alipay.com
AliphCom Inc,jawbone.com
All About Kids,allaboutkidsny.com
Allen & Gerritsen,ag.com
Allen & Overy,allenovery.com
Allen Independent School District,allenisd.org
Allergan,allergan.com
ALLETE,allete.com
Alliance Behavioral Healthcare,alliancebhc.org
Alliance Data Systems Inc,alliancedata.com
Alliance Life Sciences,alscg.com
Alliance Security,alliancesecurity.com
Alliant Credit Union,alliantcreditunion.org
Alliant Insurance Services,alliantinsurance.com
Allied Building Products,alliedbuilding.com
Allied Digital Services Limited,allieddigital.net
Allied Electronics,alliedelec.com
Allied Irish Banks,aibgroup.com
Allrecipes,allrecipes.com
Allscripts,allscripts.com
Allstate,allstate.com
Ally Financial Inc.,ally.com
"ALM Media Properties, LLC",alm.com
Alnylam Pharmaceuticals,alnylam.com
Alon USA,alonusa.com
Alorica,alorica.com
Alpha Data,alpha.ae
Alpha Natural Resources,alphanr.com
alphabroder,alphabroder.com
AlphaCare Health Professionals,alphacare.com
AlphaGraphics,alphagraphics.com
Alphaserve Technologies,alphaserveit.com
Alpine Electronics of America Inc,alpine-usa.com
Alptis,alptis.org
"Alsons/AWS Information Systems, Inc.",aaisi.com.ph
"Altair Engineering, Inc",altair.com
Altegra Health,altegrahealth.com
ALTEN Calsoft Labs.,altencalsoftlabs.com
Alten Canada,alten.ca
Alternative Networks,alternativenetworks.com
Alternatives Inc,alternativesinc.org
Altice USA,alticeusa.com
"AltiGen Communications, Inc.",altigen.com
Altima,altimaagency.com
Altimate,altimate.fr
Altoona Regional,altoonaregional.org
Altran,altran.com
Altura Credit Union,alturacu.com
Alvarez & Marsal,alvarezandmarsal.com
AM Technical Solutions Inc,amts.com
Amadeus IT Group SA,amadeus.com
AMAG Pharmaceuticals,kvpharmaceutical.com
Amalgamated Bank,amalgamatedbank.com
Amaris,amaris.com
Amazon,amazon.com
Amazon Lab126,lab126.com
"Amazon Web Services, Inc",aws.amazon.com
Ambac Financial Group,ambac.com
Ambitech Engineering,ambitech.com
Ambius,ambius.com
AMC Networks Inc.,amcnetworks.com
AMC Theatres,amctheatres.com
Amcor,amcor.com
AMDA College and Conservatory of the Performing Arts,amda.edu
Amdocs Inc,amdocs.com
AME Inc,ameonline.com
Amedisys Home Health & Hospice,amedisys.com
Amegy Bank,amegybank.com
Amer Sports,amersports.com
Ameren,ameren.com
America First Credit Union,americafirst.com
America Movil,americamovil.com
America's First Federal Credit Union,amfirst.org
American Academy of Family Physicians,aafp.org
American Addiction Centers,americanaddictioncenters.org
American Airlines Federal Credit Union,aacreditunion.org
American Airlines Group Inc.,aa.com
American Apparel Inc,americanapparel.net
American Automobile Association,aaa.com
American Axle & Manufacturing,aam.com
American Bar Association,americanbar.org
American College of Cardiology,cardiosource.org
American College of Surgeons,facs.org
American Credit Acceptance,americancreditacceptance.com
American Dental Association,ada.org
American Eagle Outfitters Inc,ae.com
American Electric Power,aep.com
American Express,americanexpress.com
American Family Ins. Group,amfam.com
American Fidelity,americanfidelity.com
American Greetings,americangreetings.com
American Heart Association Inc,heart.org
American Homepatient Inc,ahom.com
American Hospital Association,aha.org
American Institute of Physics,aip.org
American Institutes for Research,air.org
American InterContinental University,aiuniv.edu
American International Group Inc,aig.com
American Mathematical Society,ams.org
American Media Inc,americanmediainc.com
American Medical Association,ama-assn.org
American Medical Response Ambulance Service Inc,amr.net
American Mercury Insurance Co,mercuryinsurance.com
American Museum of Natural History,amnh.org
American National Insurance Company,anico.com
American office,americanoffice.com
American Public Media Group,americanpublicmediagroup.org
American Public University System,apus.edu
American Railcar Industries Inc,americanrailcar.com
American Red Cross,redcross.org
American Residential Communities,aboutarc.com
American Science and Engineering Inc,ase.com
American Society for the Prevention of Cruelty to Animals,aspca.org
American Stock Transfer and Trust Company LLC,amstock.com
American Student Assistance,asa.org
AMERICAN SYSTEMS,americansystems.com
American Tire Distributors Holdings Inc,atd-us.com
American Tower Corporation,americantower.com
American Transmission Company LLC,atcllc.com
American University in Cairo,aucegypt.edu
American University of Beirut,aub.edu.lb
American Water Works Company Inc,amwater.com
Americaneagle.com,americaneagle.com
AmeriFirst Financial Inc,amerifirst.us
AmeriGas Propane Inc,amerigas.com
Amerigroup Corporation,amerigroup.com
AmeriHealth Caritas,amerihealthcaritas.com
Amerilab Technologies,amerilabtech.com
Ameriprise Financial Inc,ameriprise.com
AmerisourceBergen,amerisourcebergen.com
Amerit Fleet Solutions,ameritfleetsolutions.com
Ameritas Life Insurance Corporation,ameritas.com
Ameritox Ltd.,ameritox.com
Ametek Inc,ametek.com
Amgen,amgen.com
Amigo Loans,amigoloans.co.uk
AMITA HEALTH,amitahealth.org
amity university,amity.edu
Amkor Technology Inc,amkor.com
AMP,amp.com.au
Amp Agency,ampagency.com
AMP Capital,ampcapital.com.au
Amplify,amplify.com
Amplify Credit Union,goamplify.com
Ampush,ampush.com
Amsted Rail Inc,amstedrail.com
Amsys Innovative Solutions,amsysis.com
AmTote International,amtote.com
Amtrak,amtrak.com
Amtrust Financial Corporation,amtrustgroup.com
Amway Global,amway.com
AmWINS Group Inc,amwins.com
Amzur Technologies Inc,amzur.com
Anadarko Petroleum Corporation,anadarko.com
Anadolu University,anadolu.edu.tr
Analog Devices Inc,analog.com
Ancestry.com LLC,ancestry.com
AnchorFree,anchorfree.com
Anderson Merchandisers LLC,amerch.com
Anderson Pest Solutions,andersonpestsolutions.com
Anderson University,anderson.edu
Andolasoft,andolasoft.com
Anexinet Corporation,anexinet.com
"Angelo, Gordon & Co.",angelogordon.com
Angie's List Inc,angieslist.com
Anglo American,angloamerican.com
Animoto,animoto.com
Anixter International Inc.,anixter.com
ANN INC.,anninc.com
Annex Consulting Group,annexgroup.com
Anschutz Entertainment Group,aegworldwide.com
Answers in Genesis,answersingenesis.org
Ansys Inc,ansys.com
Antalis,antalis.com
Antenna International,antennainternational.com
Anthem Inc,antheminc.com
Anthony International,anthonyintl.com
Anthropologie,anthropologie.com
Anytime Fitness LLC,anytimefitness.com
AO World,ao.com
AOC Solutions,aocsolutions.com
AOL Inc.,aol.com
Aon,aon.com
APA Group,apa.com.au
Apache Corporation,apachecorp.com
Apartment List Inc,apartmentlist.com
Apartments.com,apartments.com
APCO Worldwide Inc,apcoworldwide.com
APCON,apcon.com
Apex Tg India Pvt. Ltd,apextgi.in
Apex Tool Group LLC,apextoolgroup.com
APG,apg.nl
Apigee Corporation,apigee.com
Aplicor Inc,aplicor.com
Apollo Education Group Inc,apollo.edu
APP Annie,appannie.com
Appalachian Underwriters Inc,appund.com
Apparel Group,appareluae.com
"Appcelerator, Inc",appcelerator.com
AppDynamics,appdynamics.com
AppFirst,appfirst.com
Applause App Quality Inc,applause.com
Apple Inc,apple.com
Applebee's,applebees.com
Appleton Area School District,aasd.k12.wi.us
Applied Materials Inc,appliedmaterials.com
Applied Micro Circuits Corporation,apm.com
Applied Research Associates Inc,ara.com
Applus+,applus.com
AppNexus Inc.,appnexus.com
Appriss,appriss.com
AppRiver,appriver.com
AppSense,appsense.com
Apptix,apptix.com
Apptricity,apptricity.com
Apria Healthcare Group,apria.com
Aprima Medical Software Inc,aprima.com
Apriva,apriva.com
Aptara Inc,aptaracorp.com
Aptean,aptean.com
Apto Solutions,aptosolutions.com
Aqa,aqa.org.uk
Aquarium of the Pacific,aquariumofpacific.org
Arab National Bank,anb.com.sa
Aramark Corporation,aramark.com
Aramark Refreshment Services LLC,aramarkrefreshments.com
Aramark Uniform Services,aramarkuniform.com
Aramex International,aramex.com
ARASCO,arasco.com
Arbonne International LLC,arbonne.com
Arbor Circle,arborcircle.org
"Arc Broward, Inc",arcbroward.com
ARC Document Solutions,e-arc.com
Arcadia Group Limited,arcadiagroup.co.uk
ARCADIS,arcadis.com
Arcgate,arcgate.com
